"Pass []","re(Mode(1)) [g]"
1,7.70124825344487
2,7.78640746921355
3,7.80982293301383
4,7.82965906987161
5,7.83408843233849
6,7.83993393098303
7,7.84182193922298
8,
9,
10,
11,
12,
13,
14,
15,
16,
17,
18,
19,
20,
21,
22,
23,
24,
25,
26,
27,
28,
29,
30,
31,
32,
33,
34,
35,
36,
37,
38,
39,
40,
41,
42,
43,
44,
45,
46,
47,
48,
49,
50,
